school_id,school_name,enrollment,coverage,coverage_ci_low,coverage_ci_high,coverage_K,coverage_1,coverage_2,coverage_3,coverage_4,coverage_5,coverage_ci_low_K,coverage_ci_low_1,coverage_ci_low_2,coverage_ci_low_3,coverage_ci_low_4,coverage_ci_low_5,coverage_ci_high_K,coverage_ci_high_1,coverage_ci_high_2,coverage_ci_high_3,coverage_ci_high_4,coverage_ci_high_5,is_estimated_K,is_estimated_1,is_estimated_2,is_estimated_3,is_estimated_4,is_estimated_5,prob_below_95,tier
16876,Alisal Community School,108,0.9867,0.9708,0.9907,0.9907,0.9829,0.9862,0.9874,0.9872,0.986,0.944,0.9711,0.9765,0.9784,0.9782,0.9762,0.9735,0.9928,0.9943,0.9948,0.9948,0.9943,0,1,1,1,1,1,0,H
16879,All Saints' Day School,,0.8569,0.8327,0.8802,0.7859,0.8481,0.8727,0.8821,0.881,0.8713,0.754,0.822,0.8502,0.8611,0.8599,0.8487,0.8171,0.8732,0.8943,0.9023,0.9014,0.8931,1,1,1,1,1,1,1,L
16881,Anthem Christian School,39,0.8772,0.7819,0.9073,0.9487,0.839,0.8647,0.8745,0.8734,0.8632,0.6911,0.7681,0.802,0.8152,0.8137,0.8,0.8532,0.9025,0.9191,0.9254,0.9248,0.9183,0,1,1,1,1,1,1,L
16886,Arroyo Seco Academy,98,0.9157,0.8184,0.9479,0.9796,0.8851,0.9043,0.9115,0.9107,0.9032,0.7366,0.8071,0.837,0.8485,0.847,0.8349,0.9109,0.9463,0.956,0.9595,0.9591,0.9554,0,1,1,1,1,1,0.9815,M
16893,Bardin Elementary School,78,0.9881,0.9744,0.9957,0.9744,0.9888,0.991,0.9918,0.9917,0.9909,0.9496,0.9751,0.9798,0.9814,0.9812,0.9795,0.9809,0.9981,0.9987,0.9988,0.9988,0.9987,0,1,1,1,1,1,0,H
16894,bay view elementary,,0.9842,0.974,0.9922,0.9637,0.9856,0.9885,0.9894,0.9893,0.9883,0.9489,0.9746,0.9794,0.9812,0.981,0.9792,0.9757,0.9944,0.9956,0.996,0.996,0.9956,1,1,1,1,1,1,0,H
16898,Big Sur Charter School,12,0.9269,0.9858,0.9966,0.5833,0.9945,0.9957,0.9961,0.9961,0.9957,0.9661,0.9874,0.9899,0.9907,0.9907,0.9898,0.9823,0.9992,0.9995,0.9996,0.9996,0.9995,0,1,1,1,1,1,0,M
16900,Boronda Elementary,55,0.9892,0.9907,0.9969,0.9455,0.9973,0.998,0.9982,0.9982,0.998,0.9734,0.9927,0.9943,0.9947,0.9947,0.9942,0.9827,0.9995,0.9998,0.9998,0.9998,0.9998,0,1,1,1,1,1,0,H
16903,Boronda Meadows Elementary School,,0.9138,0.7449,0.9948,0.8658,0.9097,0.9245,0.93,0.9294,0.9236,0.6459,0.7286,0.7671,0.7822,0.7805,0.7646,0.9795,0.9972,0.998,0.9982,0.9982,0.998,1,1,1,1,1,1,0.6308,M
16904,Bradley Elementary School,10,0.9824,0.9934,0.997,0.9,0.9985,0.999,0.9991,0.9991,0.999,0.9774,0.9957,0.9967,0.997,0.9969,0.9966,0.9829,0.9996,0.9999,0.9999,0.9999,0.9999,0,1,1,1,1,1,0,H
16910,Captain Cooper Elementary School,14,0.9322,0.9746,0.995,0.6429,0.9879,0.9903,0.9911,0.991,0.9902,0.9495,0.9752,0.9799,0.9815,0.9813,0.9795,0.9799,0.9974,0.9982,0.9983,0.9983,0.9981,0,1,1,1,1,1,0,M
16914,Carmel Child Development Center,27,0.9901,0.9848,0.9966,0.963,0.9943,0.9956,0.996,0.9959,0.9956,0.9647,0.9864,0.9891,0.99,0.9899,0.9889,0.9823,0.9992,0.9996,0.9996,0.9996,0.9996,0,1,1,1,1,1,0,H
16915,Carmel River Elementary School,57,0.9827,0.9688,0.9858,0.9825,0.979,0.9831,0.9845,0.9843,0.9828,0.9411,0.9689,0.9748,0.9769,0.9766,0.9745,0.9662,0.9874,0.99,0.9908,0.9907,0.9899,0,1,1,1,1,1,0,H
16921,Castroville Elementary School,95,0.9803,0.9063,0.9966,0.9789,0.9765,0.9809,0.9824,0.9823,0.9807,0.8516,0.9013,0.9182,0.9245,0.9238,0.9172,0.9823,0.9991,0.9995,0.9996,0.9996,0.9995,0,1,1,1,1,1,0.1185,H
16926,Cesar Chavez Elementary School,96,0.9948,0.9909,0.9969,0.9792,0.9973,0.998,0.9982,0.9982,0.998,0.9738,0.9929,0.9945,0.995,0.9949,0.9944,0.9827,0.9995,0.9998,0.9998,0.9998,0.9998,0,1,1,1,1,1,0,H
16927,Cesar E. Chavez Elementary School,71,0.9606,0.9327,0.962,0.9859,0.9467,0.9563,0.9598,0.9594,0.9558,0.889,0.9298,0.9423,0.9469,0.9464,0.9417,0.9316,0.9617,0.9688,0.9713,0.971,0.9683,0,1,1,1,1,1,0.5702,H
16934,Chualar Elementary School,31,0.9843,0.9829,0.9962,0.9355,0.9926,0.9942,0.9947,0.9947,0.9942,0.9618,0.9842,0.9873,0.9884,0.9883,0.9872,0.9817,0.9988,0.9992,0.9993,0.9993,0.9992,0,1,1,1,1,1,0,H
16942,Creekside Elementary School,83,0.9918,0.9849,0.9963,0.9759,0.9937,0.9951,0.9955,0.9955,0.995,0.9647,0.9864,0.9892,0.9901,0.99,0.989,0.9818,0.9988,0.9993,0.9994,0.9994,0.9993,0,1,1,1,1,1,0,H
16948,Del Rey Elementary School,129,0.99,0.9687,0.996,0.9922,0.9872,0.9898,0.9906,0.9905,0.9896,0.9409,0.9688,0.9747,0.9768,0.9766,0.9745,0.9813,0.9985,0.999,0.9991,0.9991,0.999,0,1,1,1,1,1,5e-04,H
16949,Del Rey Woods Elementary School,63,0.9929,0.9754,0.9968,0.9841,0.9933,0.9948,0.9952,0.9952,0.9947,0.9507,0.9761,0.9807,0.9823,0.982,0.9804,0.9826,0.9994,0.9997,0.9998,0.9998,0.9997,0,1,1,1,1,1,5e-04,H
16950,"Dr. Martin Luther King, Jr. Academy",72,0.94,0.8727,0.959,0.9861,0.9175,0.9318,0.9371,0.9365,0.931,0.8075,0.8654,0.8874,0.8962,0.8953,0.8866,0.9271,0.9584,0.9659,0.9687,0.9684,0.9656,0,1,1,1,1,1,0.9168,M
16951,Dual Language Academy of the Monterey Peninsula,51,0.9931,0.978,0.9969,0.9804,0.9946,0.9958,0.9962,0.9961,0.9958,0.9546,0.9789,0.9829,0.9843,0.9842,0.9828,0.9827,0.9994,0.9998,0.9998,0.9998,0.9998,0,1,1,1,1,1,3e-04,H
16952,Echo Valley Elementary School,89,0.9845,0.9634,0.9948,0.9775,0.9828,0.9862,0.9873,0.9872,0.986,0.9332,0.9631,0.97,0.9725,0.9722,0.9696,0.9797,0.9972,0.998,0.9982,0.9981,0.998,0,1,1,1,1,1,0.002,H
16955,El Gabilan Elementary School,86,0.9945,0.991,0.9969,0.9767,0.9975,0.9982,0.9983,0.9983,0.9981,0.9739,0.993,0.9945,0.995,0.9949,0.9945,0.9828,0.9995,0.9998,0.9999,0.9999,0.9998,0,1,1,1,1,1,0,H
16958,Elkhorn Elementary School,104,0.9724,0.937,0.9855,0.9808,0.9647,0.9712,0.9736,0.9733,0.9709,0.8955,0.9345,0.9462,0.9506,0.9501,0.9456,0.9657,0.987,0.9896,0.9905,0.9905,0.9896,0,1,1,1,1,1,0.1143,H
16967,foothill elementary,41,0.9904,0.9915,0.997,0.9512,0.9977,0.9983,0.9985,0.9985,0.9983,0.9746,0.9936,0.995,0.9955,0.9954,0.995,0.9828,0.9995,0.9998,0.9999,0.9999,0.9999,0,1,1,1,1,1,0,H
16968,Forest Grove Elementary School,65,0.9952,0.989,0.9968,0.9846,0.9965,0.9974,0.9976,0.9976,0.9973,0.9708,0.9909,0.9928,0.9934,0.9933,0.9927,0.9826,0.9994,0.9997,0.9998,0.9998,0.9997,0,1,1,1,1,1,0,H
16969,Frank Ledesma Elementary School,49,0.9894,0.9869,0.9964,0.9592,0.9943,0.9956,0.996,0.9959,0.9956,0.9678,0.9886,0.991,0.9917,0.9916,0.9909,0.982,0.9989,0.9994,0.9994,0.9994,0.9993,0,1,1,1,1,1,0,H
16970,Frank Paul Elementary School,86,0.9812,0.968,0.9854,0.9767,0.9782,0.9824,0.9839,0.9837,0.9822,0.9399,0.9681,0.9741,0.9763,0.976,0.9738,0.9656,0.987,0.9896,0.9905,0.9904,0.9894,0,1,1,1,1,1,0,H
16971,Fremont Elementary School,98,0.9756,0.9426,0.9895,0.9796,0.9695,0.9752,0.9772,0.977,0.9749,0.9033,0.9405,0.9513,0.9553,0.9548,0.9508,0.9715,0.9914,0.9932,0.9938,0.9937,0.9931,0,1,1,1,1,1,0.0727,H
16975,Gabilan Elementary School,60,0.9934,0.9843,0.9966,0.9833,0.9942,0.9955,0.9959,0.9958,0.9954,0.9639,0.9858,0.9887,0.9896,0.9895,0.9885,0.9822,0.9991,0.9995,0.9996,0.9996,0.9995,0,1,1,1,1,1,0,H
16985,George C. Marshall Elementary School,108,0.967,0.9437,0.9667,0.9907,0.9546,0.9629,0.9659,0.9656,0.9625,0.9048,0.9417,0.9522,0.956,0.9556,0.9516,0.938,0.9666,0.9729,0.9751,0.9749,0.9726,0,1,1,1,1,1,0.168,H
17011,Henry F. Kammann Elementary School,117,0.9526,0.9226,0.9532,0.9829,0.936,0.9474,0.9516,0.9511,0.9468,0.8753,0.919,0.9332,0.9385,0.9379,0.9325,0.9185,0.9521,0.9608,0.964,0.9636,0.9602,0,1,1,1,1,1,0.9408,H
17015,highland elementary,22,0.9755,0.9645,0.9834,0.9545,0.9753,0.98,0.9817,0.9815,0.9798,0.9348,0.9643,0.971,0.9733,0.9731,0.9706,0.9626,0.9847,0.9878,0.9888,0.9886,0.9876,0,1,1,1,1,1,0,H
17021,International School Of Monterey,40,0.9689,0.9574,0.9753,0.95,0.9669,0.9731,0.9753,0.975,0.9728,0.9244,0.9566,0.9646,0.9675,0.9671,0.9641,0.9506,0.976,0.9806,0.9822,0.982,0.9804,0,1,1,1,1,1,0.0013,H
17023,Ione Olson Elementary School,74,0.9885,0.9739,0.993,0.9865,0.9864,0.9891,0.99,0.9899,0.989,0.9487,0.9745,0.9794,0.9811,0.9809,0.9792,0.9768,0.9952,0.9963,0.9966,0.9966,0.9963,0,1,1,1,1,1,0,H
17024,J. C. Crumpton Elementary School,78,0.9891,0.979,0.9954,0.9744,0.9901,0.9922,0.9928,0.9928,0.9921,0.9562,0.9801,0.9839,0.9852,0.985,0.9837,0.9804,0.9978,0.9984,0.9986,0.9985,0.9984,0,1,1,1,1,1,0,H
17025,Jack Franscioni Elementary School,51,0.9628,0.8965,0.9877,0.9804,0.9511,0.9599,0.9631,0.9628,0.9594,0.8388,0.8907,0.9092,0.9163,0.9155,0.9083,0.969,0.9894,0.9916,0.9923,0.9922,0.9915,0,1,1,1,1,1,0.3972,H
17026,Jesse G. Sanchez Elementary School,103,0.9878,0.9742,0.9903,0.9903,0.9845,0.9876,0.9886,0.9885,0.9874,0.9491,0.9748,0.9796,0.9813,0.9811,0.9794,0.9729,0.9923,0.994,0.9945,0.9944,0.9939,0,1,1,1,1,1,0,H
17027,John E. Steinbeck Elementary School,52,0.9904,0.98,0.9953,0.9808,0.9906,0.9925,0.9931,0.9931,0.9924,0.9576,0.9811,0.9847,0.986,0.9859,0.9846,0.9803,0.9977,0.9984,0.9985,0.9985,0.9984,0,1,1,1,1,1,0,H
17029,Junipero Serra School,25,0.9455,0.9925,0.997,0.68,0.9981,0.9987,0.9988,0.9988,0.9987,0.9761,0.9947,0.9959,0.9962,0.9962,0.9959,0.9829,0.9996,0.9999,0.9999,0.9999,0.9999,0,1,1,1,1,1,0,M
17035,King City Arts Magnet,91,0.9917,0.9839,0.9962,0.978,0.9931,0.9946,0.995,0.995,0.9945,0.9634,0.9854,0.9883,0.9893,0.9891,0.9881,0.9816,0.9987,0.9992,0.9992,0.9992,0.9991,0,1,1,1,1,1,0,H
17040,La Gloria Elementary School,150,0.9797,0.9569,0.9924,0.9667,0.9785,0.9826,0.9841,0.9839,0.9824,0.9238,0.9561,0.9641,0.967,0.9667,0.9637,0.976,0.9946,0.9959,0.9962,0.9962,0.9958,0,1,1,1,1,1,0.0068,H
17042,La Joya Elementary School,96,0.9898,0.9637,0.9968,0.9792,0.9901,0.9922,0.9928,0.9927,0.9921,0.9338,0.9634,0.9702,0.9726,0.9723,0.9697,0.9825,0.9993,0.9997,0.9997,0.9997,0.9997,0,1,1,1,1,1,0.0065,H
17044,La Mesa Elementary School,115,0.9906,0.9472,0.9968,0.9913,0.9883,0.9906,0.9914,0.9913,0.9905,0.9094,0.9455,0.9555,0.9591,0.9586,0.9548,0.9825,0.9993,0.9997,0.9997,0.9997,0.9997,0,1,1,1,1,1,0.0302,H
17047,Lagunita Elementary School,12,0.9813,0.9714,0.9968,0.9167,0.9928,0.9943,0.9948,0.9947,0.9943,0.9447,0.9718,0.9772,0.9791,0.9789,0.977,0.9826,0.9994,0.9997,0.9997,0.9997,0.9997,0,1,1,1,1,1,0.002,H
17049,Laurel Wood Elementary School,67,0.7213,0.5379,0.7572,0.9552,0.6316,0.6772,0.6958,0.6937,0.6745,0.4215,0.5128,0.564,0.5858,0.5836,0.5613,0.6603,0.7415,0.7788,0.7934,0.7916,0.7766,0,1,1,1,1,1,1,L
17055,Lincoln Elementary School,112,0.6704,0.3075,0.8252,0.9911,0.5629,0.6088,0.6279,0.6257,0.606,0.2166,0.2845,0.3276,0.347,0.3452,0.3253,0.7447,0.8141,0.8433,0.8547,0.8534,0.8417,0,1,1,1,1,1,1,L
17060,Loma Vista Elementary School,76,0.9924,0.9854,0.9968,0.9737,0.9952,0.9963,0.9966,0.9966,0.9962,0.9657,0.987,0.9896,0.9905,0.9904,0.9895,0.9825,0.9993,0.9997,0.9997,0.9997,0.9997,0,1,1,1,1,1,0,H
17062,Los Padres Elementary School,115,0.9809,0.9571,0.9876,0.9913,0.9744,0.9792,0.9809,0.9808,0.979,0.924,0.9561,0.9643,0.9672,0.9669,0.9638,0.9688,0.9893,0.9915,0.9922,0.9922,0.9914,0,1,1,1,1,1,0.0055,H
17065,Madonna Del Sasso,49,0.9872,0.9815,0.995,0.9592,0.991,0.9929,0.9935,0.9934,0.9928,0.9596,0.9827,0.9861,0.9873,0.9871,0.986,0.9798,0.9974,0.9981,0.9983,0.9983,0.9981,0,1,1,1,1,1,0,H
17076,Marina Vista Elementary School,67,0.9917,0.982,0.9952,0.9851,0.9913,0.9931,0.9937,0.9937,0.9931,0.9605,0.9832,0.9865,0.9876,0.9875,0.9863,0.9802,0.9977,0.9983,0.9985,0.9985,0.9983,0,1,1,1,1,1,0,H
17077,Martin Luther King School,79,0.9803,0.9633,0.9876,0.9747,0.9775,0.9818,0.9833,0.9831,0.9816,0.9329,0.9629,0.9698,0.9723,0.972,0.9694,0.9688,0.9894,0.9915,0.9922,0.9922,0.9914,0,1,1,1,1,1,3e-04,H
17078,Mary Chapa Academy,136,0.9725,0.9167,0.9913,0.9926,0.9621,0.969,0.9715,0.9712,0.9686,0.8673,0.9128,0.9278,0.9334,0.9326,0.9267,0.9744,0.9934,0.9948,0.9953,0.9952,0.9948,0,1,1,1,1,1,0.229,H
17080,McKinnon School,72,0.9952,0.9875,0.9968,0.9861,0.9961,0.9971,0.9973,0.9973,0.9971,0.9688,0.9893,0.9915,0.9922,0.9921,0.9914,0.9826,0.9994,0.9998,0.9998,0.9998,0.9998,0,1,1,1,1,1,0,H
17088,Mission Elementary School,14,0.9964,0.9853,0.9966,1,0.9945,0.9958,0.9961,0.9961,0.9957,0.9653,0.9869,0.9896,0.9904,0.9903,0.9894,0.9823,0.9992,0.9996,0.9996,0.9996,0.9996,0,1,1,1,1,1,0,H
17089,Mission Park Elementary School,97,0.9788,0.962,0.9832,0.9794,0.9741,0.979,0.9808,0.9806,0.9788,0.9311,0.9616,0.9686,0.9712,0.9709,0.9683,0.9623,0.9846,0.9877,0.9887,0.9886,0.9875,0,1,1,1,1,1,3e-04,H
17091,monte bella elementary,132,0.9928,0.9798,0.9959,0.9924,0.9912,0.993,0.9936,0.9936,0.993,0.9573,0.9809,0.9846,0.9859,0.9857,0.9844,0.9812,0.9983,0.9989,0.999,0.999,0.9989,0,1,1,1,1,1,0,H
17092,Monte Vista,86,0.9925,0.9832,0.9968,0.9767,0.9945,0.9957,0.9961,0.9961,0.9957,0.9622,0.9845,0.9876,0.9887,0.9885,0.9875,0.9825,0.9993,0.9997,0.9997,0.9997,0.9997,0,1,1,1,1,1,0,H
17096,Monterey Bay Charter School,72,0.9938,0.9828,0.9967,0.9861,0.9941,0.9954,0.9958,0.9958,0.9954,0.9617,0.9842,0.9873,0.9883,0.9882,0.9871,0.9824,0.9992,0.9996,0.9997,0.9997,0.9996,0,1,1,1,1,1,0,H
17097,Monterey Bay Christian School,40,0.9549,0.9857,0.9966,0.75,0.9949,0.996,0.9964,0.9963,0.996,0.9659,0.9872,0.9898,0.9906,0.9905,0.9897,0.9823,0.9992,0.9996,0.9996,0.9996,0.9996,0,1,1,1,1,1,0,H
17099,Monterey County Home Charter School,15,0.9738,0.9816,0.9968,0.8667,0.9941,0.9954,0.9958,0.9957,0.9954,0.96,0.9829,0.9863,0.9874,0.9873,0.9861,0.9825,0.9993,0.9997,0.9997,0.9997,0.9997,0,1,1,1,1,1,0,H
17100,Monterey County Special Education School,31,0.979,0.9423,0.9967,0.9355,0.9851,0.988,0.989,0.9889,0.9879,0.9026,0.9401,0.9511,0.9549,0.9545,0.9505,0.9825,0.9993,0.9997,0.9997,0.9997,0.9997,0,1,1,1,1,1,0.0375,H
17101,Monterey Park Elementary School,79,0.9625,0.9267,0.9792,0.962,0.955,0.9632,0.9662,0.9659,0.9628,0.8808,0.9233,0.9368,0.9418,0.9413,0.9362,0.9565,0.9803,0.9842,0.9855,0.9853,0.984,0,1,1,1,1,1,0.3015,H
17117,Natividad Elementary School,98,0.9745,0.9396,0.9944,0.9592,0.9729,0.978,0.9798,0.9796,0.9777,0.8992,0.9373,0.9485,0.9526,0.9522,0.9479,0.9789,0.9967,0.9975,0.9977,0.9977,0.9975,0,1,1,1,1,1,0.08,H
17121,New Republic Elementary School,92,0.9733,0.9395,0.9864,0.9783,0.9666,0.9728,0.975,0.9747,0.9724,0.8988,0.9372,0.9485,0.9527,0.9522,0.948,0.967,0.988,0.9905,0.9913,0.9912,0.9904,0,1,1,1,1,1,0.0942,H
17128,North Monterey County Center For Independent Study,20,0.8068,0.7389,0.8175,0.85,0.7656,0.8003,0.8139,0.8124,0.7983,0.6387,0.7222,0.7615,0.7773,0.7753,0.7592,0.7344,0.8057,0.836,0.8477,0.8466,0.8345,0,1,1,1,1,1,1,L
17134,Oak Avenue Elementary School,101,0.9819,0.9079,0.9965,0.9901,0.9762,0.9807,0.9822,0.982,0.9804,0.8544,0.903,0.9198,0.9261,0.9255,0.9191,0.9821,0.999,0.9994,0.9995,0.9995,0.9994,0,1,1,1,1,1,0.1195,H
17135,Oasis Charter Public School,26,0.9763,0.9702,0.9926,0.9231,0.9841,0.9872,0.9883,0.9881,0.987,0.9431,0.9705,0.9761,0.978,0.9778,0.9758,0.9761,0.9948,0.996,0.9963,0.9963,0.9959,0,1,1,1,1,1,0,H
17141,Ord Terrace Elementary School,73,0.9852,0.9778,0.9964,0.9452,0.9916,0.9934,0.9939,0.9939,0.9933,0.9546,0.9788,0.9829,0.9843,0.9841,0.9826,0.982,0.9989,0.9994,0.9994,0.9994,0.9994,0,1,1,1,1,1,0,H
17142,Oscar F. Loya Elementary School,91,0.9928,0.9814,0.9968,0.978,0.9946,0.9958,0.9962,0.9961,0.9958,0.9596,0.9826,0.986,0.9872,0.9871,0.9859,0.9826,0.9994,0.9997,0.9998,0.9998,0.9997,0,1,1,1,1,1,0,H
17180,Prunedale Elementary School,113,0.9915,0.9696,0.9966,0.9912,0.9896,0.9917,0.9924,0.9923,0.9916,0.9422,0.9698,0.9755,0.9775,0.9772,0.9751,0.9822,0.9991,0.9995,0.9996,0.9996,0.9995,0,1,1,1,1,1,3e-04,H
17186,Robert Down Elementary School,57,0.9553,0.9241,0.9578,0.9825,0.9399,0.9507,0.9546,0.9542,0.9501,0.8769,0.9205,0.9344,0.9395,0.9389,0.9335,0.925,0.9571,0.965,0.9678,0.9675,0.9645,0,1,1,1,1,1,0.822,H
17187,Roosevelt Elementary School,93,0.6271,0.4183,0.6474,0.9785,0.5093,0.5595,0.5806,0.5781,0.5563,0.3097,0.3927,0.442,0.4643,0.4613,0.4389,0.5358,0.6266,0.6724,0.691,0.6885,0.6691,0,1,1,1,1,1,1,L
17188,Rose Ferrero Elementary School,104,0.9646,0.9337,0.9682,0.9904,0.9513,0.9601,0.9633,0.963,0.9596,0.8909,0.931,0.9431,0.9476,0.9471,0.9425,0.9405,0.9684,0.9743,0.9764,0.9761,0.9739,0,1,1,1,1,1,0.373,H
17191,Sacred Heart School,34,0.9253,0.8383,0.9638,0.9412,0.9075,0.9233,0.9292,0.9285,0.9224,0.7612,0.8282,0.8556,0.8658,0.8648,0.854,0.9341,0.9635,0.9703,0.9726,0.9724,0.9699,0,1,1,1,1,1,0.8902,M
17195,Salinas Christian Schools,26,0.9137,0.8274,0.9425,0.9615,0.8864,0.9055,0.9127,0.9118,0.9044,0.7476,0.8167,0.845,0.8563,0.855,0.8434,0.9033,0.9405,0.9512,0.955,0.9546,0.9505,0,1,1,1,1,1,0.9888,M
17201,San Antonio Elementary School,22,0.9574,0.9598,0.9806,0.8636,0.9711,0.9765,0.9785,0.9782,0.9763,0.9282,0.9592,0.9667,0.9695,0.9692,0.9663,0.9586,0.9818,0.9853,0.9865,0.9864,0.9851,0,1,1,1,1,1,5e-04,H
17202,San Ardo Elementary School,19,0.9705,0.9449,0.9695,1,0.9573,0.9651,0.968,0.9676,0.9647,0.9064,0.943,0.9533,0.9571,0.9567,0.9528,0.9422,0.9697,0.9754,0.9775,0.9772,0.9751,0,1,1,1,1,1,0.0963,H
17204,San Carlos Elementary School,46,0.5952,0.4452,0.5551,0.9565,0.4747,0.5256,0.5473,0.5447,0.5224,0.3342,0.4194,0.4698,0.4916,0.4892,0.467,0.4389,0.5309,0.5813,0.602,0.5996,0.5778,0,1,1,1,1,1,1,L
17208,San Vicente Elementary School,70,0.9079,0.8354,0.9178,0.9857,0.8727,0.8938,0.9018,0.9009,0.8926,0.7578,0.8251,0.8527,0.8633,0.8621,0.851,0.8686,0.9139,0.9287,0.9343,0.9336,0.9278,0,1,1,1,1,1,1,M
17212,Santa Catalina School,26,0.9381,0.9012,0.9437,0.9615,0.9206,0.9345,0.9396,0.939,0.9337,0.8453,0.8957,0.9136,0.9204,0.9196,0.9128,0.9051,0.9417,0.9523,0.9561,0.9557,0.9518,0,1,1,1,1,1,0.9962,M
17213,Santa Lucia Elementary School,114,0.8156,0.633,0.8618,0.9912,0.7466,0.7828,0.797,0.7954,0.7806,0.5207,0.6118,0.6585,0.678,0.6759,0.6561,0.7931,0.8536,0.8774,0.8866,0.8855,0.8762,0,1,1,1,1,1,1,L
17214,Santa Rita Elementary School,96,0.9776,0.9618,0.9806,0.9792,0.9724,0.9776,0.9795,0.9793,0.9774,0.931,0.9614,0.9685,0.9711,0.9708,0.9681,0.9585,0.9818,0.9854,0.9866,0.9864,0.9851,0,1,1,1,1,1,0,H
17224,Sherwood Elementary School,123,0.9892,0.9583,0.996,0.9919,0.9862,0.9889,0.9898,0.9897,0.9888,0.9258,0.9576,0.9654,0.9683,0.9679,0.965,0.9813,0.9985,0.999,0.9991,0.9991,0.999,0,1,1,1,1,1,0.0102,H
17245,Spreckels Elementary School,113,0.7889,0.6907,0.7639,0.9912,0.7108,0.751,0.767,0.7651,0.7486,0.583,0.6713,0.7149,0.7326,0.7303,0.7122,0.6683,0.7485,0.7853,0.7998,0.7982,0.7834,0,1,1,1,1,1,1,L
17248,Stevenson School Carmel Campus,22,0.9387,0.8994,0.9501,0.9545,0.923,0.9365,0.9415,0.941,0.9358,0.8428,0.8938,0.9119,0.9187,0.9179,0.9109,0.914,0.9487,0.9579,0.9613,0.9609,0.9573,0,1,1,1,1,1,0.9745,M
17257,Tiburcio Vasquez Elementary,126,0.8612,0.6998,0.9073,1,0.8058,0.8354,0.8469,0.8456,0.8337,0.5932,0.681,0.724,0.7413,0.7397,0.7223,0.8537,0.9023,0.9192,0.9255,0.9248,0.9183,0,1,1,1,1,1,1,L
17260,Toro Park Elementary School,97,0.4405,0.2552,0.3754,0.9794,0.291,0.3347,0.3543,0.352,0.3318,0.1758,0.2341,0.2727,0.2904,0.2883,0.2702,0.2733,0.3503,0.3982,0.4191,0.4166,0.395,0,1,1,1,1,1,1,L
17265,Tularcitos Elementary School,65,0.9784,0.9619,0.9808,0.9846,0.9724,0.9776,0.9794,0.9792,0.9773,0.9312,0.9615,0.9686,0.9711,0.9708,0.9682,0.9587,0.982,0.9855,0.9867,0.9866,0.9853,0,1,1,1,1,1,0,H
17267,University Park Elementary School,94,0.9601,0.9348,0.9703,0.9574,0.9527,0.9613,0.9644,0.9641,0.9609,0.8921,0.9321,0.9442,0.9486,0.9481,0.9435,0.9433,0.9705,0.9761,0.9781,0.9778,0.9758,0,1,1,1,1,1,0.3242,H
17273,Virginia Rocca Barton Elementary School,68,0.6098,0.4693,0.5532,0.9853,0.4864,0.5374,0.559,0.5565,0.5342,0.3559,0.4436,0.4945,0.5165,0.5139,0.4914,0.4371,0.5286,0.5793,0.6006,0.5981,0.5762,0,1,1,1,1,1,1,L
38580,,,0.994,0.9882,0.9968,0.9783,0.9963,0.9972,0.9974,0.9974,0.9972,0.9698,0.9901,0.9921,0.9928,0.9927,0.992,0.9826,0.9994,0.9997,0.9998,0.9998,0.9998,1,1,1,1,1,1,0,H
