county,county_fips,n_schools,pct_schools_below_95,coverage,coverage_ci_low,coverage_ci_high,coverage_K,coverage_1,coverage_2,coverage_3,coverage_4,coverage_5,coverage_ci_low_K,coverage_ci_low_1,coverage_ci_low_2,coverage_ci_low_3,coverage_ci_low_4,coverage_ci_low_5,coverage_ci_high_K,coverage_ci_high_1,coverage_ci_high_2,coverage_ci_high_3,coverage_ci_high_4,coverage_ci_high_5,is_estimated_K,is_estimated_1,is_estimated_2,is_estimated_3,is_estimated_4,is_estimated_5,prob_below_95,tier
Alamance,,31,0.1613,0.9666,0.9457,0.9691,,,,,,,,,,,,,,,,,,,1,1,1,1,1,1,,H
Alexander,,8,0.125,0.9669,0.9419,0.9722,,,,,,,,,,,,,,,,,,,1,1,1,1,1,1,,H
Alleghany,,2,0.5,0.9588,0.9394,0.9669,,,,,,,,,,,,,,,,,,,1,1,1,1,1,1,,H
Anson,,5,0.2,0.9664,0.9465,0.974,,,,,,,,,,,,,,,,,,,1,1,1,1,1,1,,H
Ashe,,2,0,0.98,0.9606,0.9818,,,,,,,,,,,,,,,,,,,1,1,1,1,1,1,,H
Avery,,7,0.2857,0.9644,0.9363,0.9685,,,,,,,,,,,,,,,,,,,1,1,1,1,1,1,,H
Beaufort,,9,0.3333,0.9586,0.9432,0.968,,,,,,,,,,,,,,,,,,,1,1,1,1,1,1,,H
Bertie,,2,0,0.9631,0.9265,0.9634,,,,,,,,,,,,,,,,,,,1,1,1,1,1,1,,H
Bladen,,8,0.25,0.9676,0.9434,0.972,,,,,,,,,,,,,,,,,,,1,1,1,1,1,1,,H
Brunswick,,16,0.3125,0.9494,0.9329,0.9682,,,,,,,,,,,,,,,,,,,1,1,1,1,1,1,,M
Buncombe,,48,0.6875,0.92,0.8911,0.944,,,,,,,,,,,,,,,,,,,1,1,1,1,1,1,,M
Burke,,19,0.3158,0.9581,0.9406,0.9754,,,,,,,,,,,,,,,,,,,1,1,1,1,1,1,,H
Cabarrus,,32,0.4375,0.9491,0.9339,0.9649,,,,,,,,,,,,,,,,,,,1,1,1,1,1,1,,M
Caldwell,,16,0.3125,0.967,0.9504,0.982,,,,,,,,,,,,,,,,,,,1,1,1,1,1,1,,H
Camden,,1,0,0.9755,0.9674,0.9859,,,,,,,,,,,,,,,,,,,1,1,1,1,1,1,,H
Carteret,,15,0.3333,0.9683,0.9518,0.9837,,,,,,,,,,,,,,,,,,,1,1,1,1,1,1,,H
Caswell,,4,0.75,0.9464,0.9274,0.9713,,,,,,,,,,,,,,,,,,,1,1,1,1,1,1,,M
Catawba,,31,0.3548,0.9543,0.9389,0.9745,,,,,,,,,,,,,,,,,,,1,1,1,1,1,1,,H
Chatham,,19,0.2632,0.9649,0.9439,0.9811,,,,,,,,,,,,,,,,,,,1,1,1,1,1,1,,H
Cherokee,,6,0.8333,0.8974,0.8802,0.9407,,,,,,,,,,,,,,,,,,,1,1,1,1,1,1,,L
Chowan,,2,0.5,0.9447,0.9322,0.9664,,,,,,,,,,,,,,,,,,,1,1,1,1,1,1,,M
Clay,,2,1,0.9216,0.8909,0.9561,,,,,,,,,,,,,,,,,,,1,1,1,1,1,1,,M
Cleveland,,18,0.1667,0.9649,0.9482,0.9809,,,,,,,,,,,,,,,,,,,1,1,1,1,1,1,,H
Columbus,,9,0.4444,0.958,0.9421,0.9736,,,,,,,,,,,,,,,,,,,1,1,1,1,1,1,,H
Craven,,22,0.4091,0.9551,0.9328,0.9744,,,,,,,,,,,,,,,,,,,1,1,1,1,1,1,,H
Cumberland,,68,0.5588,0.9262,0.9092,0.9513,,,,,,,,,,,,,,,,,,,1,1,1,1,1,1,,M
Currituck,,8,0.5,0.96,0.9445,0.9803,,,,,,,,,,,,,,,,,,,1,1,1,1,1,1,,H
Dare,,6,0.3333,0.9613,0.9404,0.978,,,,,,,,,,,,,,,,,,,1,1,1,1,1,1,,H
Davidson,,26,0.1538,0.9621,0.9427,0.9726,,,,,,,,,,,,,,,,,,,1,1,1,1,1,1,,H
Davie,,7,0.2857,0.9559,0.9434,0.9778,,,,,,,,,,,,,,,,,,,1,1,1,1,1,1,,H
Duplin,,9,0,0.9883,0.9774,0.9936,,,,,,,,,,,,,,,,,,,1,1,1,1,1,1,,H
Durham,,60,0.5333,0.9229,0.9041,0.948,,,,,,,,,,,,,,,,,,,1,1,1,1,1,1,,M
Edgecombe,,8,0.25,0.9269,0.9239,0.9587,,,,,,,,,,,,,,,,,,,1,1,1,1,1,1,,M
Forsyth,,65,0.3692,0.9544,0.9426,0.9742,,,,,,,,,,,,,,,,,,,1,1,1,1,1,1,,H
Franklin,,10,0.4,0.9478,0.923,0.9629,,,,,,,,,,,,,,,,,,,1,1,1,1,1,1,,M
Gaston,,37,0.5676,0.9388,0.9225,0.9592,,,,,,,,,,,,,,,,,,,1,1,1,1,1,1,,M
Gates,,3,0,0.9719,0.9485,0.9882,,,,,,,,,,,,,,,,,,,1,1,1,1,1,1,,H
Graham,,1,0,0.9565,0.9373,0.9691,,,,,,,,,,,,,,,,,,,1,1,1,1,1,1,,H
Granville,,11,0.0909,0.9724,0.954,0.9844,,,,,,,,,,,,,,,,,,,1,1,1,1,1,1,,H
Greene,,1,0,0.9917,0.9825,0.9929,,,,,,,,,,,,,,,,,,,1,1,1,1,1,1,,H
Guilford,,89,0.427,0.9437,0.928,0.968,,,,,,,,,,,,,,,,,,,1,1,1,1,1,1,,M
Halifax,,13,0.2308,0.9633,0.9497,0.9838,,,,,,,,,,,,,,,,,,,1,1,1,1,1,1,,H
Harnett,,19,0.4211,0.943,0.9208,0.955,,,,,,,,,,,,,,,,,,,1,1,1,1,1,1,,M
Haywood,,10,0.3,0.9481,0.9256,0.9687,,,,,,,,,,,,,,,,,,,1,1,1,1,1,1,,M
Henderson,,19,0.7368,0.9223,0.9056,0.953,,,,,,,,,,,,,,,,,,,1,1,1,1,1,1,,M
Hertford,,3,0,0.9793,0.9581,0.985,,,,,,,,,,,,,,,,,,,1,1,1,1,1,1,,H
Hoke,,8,0.75,0.9236,0.9088,0.95,,,,,,,,,,,,,,,,,,,1,1,1,1,1,1,,M
Hyde,,2,0,0.9828,0.95,0.9931,,,,,,,,,,,,,,,,,,,1,1,1,1,1,1,,H
Iredell,,34,0.5294,0.9399,0.9226,0.9613,,,,,,,,,,,,,,,,,,,1,1,1,1,1,1,,M
Jackson,,7,0.4286,0.9596,0.9369,0.9802,,,,,,,,,,,,,,,,,,,1,1,1,1,1,1,,H
Johnston,,31,0.2903,0.9623,0.9489,0.9758,,,,,,,,,,,,,,,,,,,1,1,1,1,1,1,,H
Jones,,4,0.25,0.958,0.9259,0.9822,,,,,,,,,,,,,,,,,,,1,1,1,1,1,1,,H
Lee,,14,0.3571,0.9607,0.9494,0.9794,,,,,,,,,,,,,,,,,,,1,1,1,1,1,1,,H
Lenoir,,12,0.4167,0.9599,0.9447,0.9797,,,,,,,,,,,,,,,,,,,1,1,1,1,1,1,,H
Lincoln,,18,0.8333,0.9252,0.9035,0.952,,,,,,,,,,,,,,,,,,,1,1,1,1,1,1,,M
Macon,,6,0.6667,0.9371,0.9268,0.9661,,,,,,,,,,,,,,,,,,,1,1,1,1,1,1,,M
Madison,,4,0.75,0.9106,0.8814,0.9406,,,,,,,,,,,,,,,,,,,1,1,1,1,1,1,,M
Martin,,4,0,0.96,0.9418,0.9758,,,,,,,,,,,,,,,,,,,1,1,1,1,1,1,,H
McDowell,,9,0,0.9798,0.9623,0.99,,,,,,,,,,,,,,,,,,,1,1,1,1,1,1,,H
Mecklenburg,,147,0.5306,0.9335,0.9162,0.9563,,,,,,,,,,,,,,,,,,,1,1,1,1,1,1,,M
Mitchell,,3,0.6667,0.9423,0.9265,0.9721,,,,,,,,,,,,,,,,,,,1,1,1,1,1,1,,M
Montgomery,,6,0.5,0.9603,0.9519,0.9849,,,,,,,,,,,,,,,,,,,1,1,1,1,1,1,,H
Moore,,23,0.3043,0.9605,0.9396,0.9786,,,,,,,,,,,,,,,,,,,1,1,1,1,1,1,,H
Nash,,17,0.2353,0.9614,0.9449,0.9778,,,,,,,,,,,,,,,,,,,1,1,1,1,1,1,,H
New Hanover,,38,0.3158,0.9552,0.9308,0.9731,,,,,,,,,,,,,,,,,,,1,1,1,1,1,1,,H
Northampton,,4,0.25,0.9684,0.9565,0.9856,,,,,,,,,,,,,,,,,,,1,1,1,1,1,1,,H
Onslow,,29,0.6207,0.9209,0.902,0.9449,,,,,,,,,,,,,,,,,,,1,1,1,1,1,1,,M
Orange,,21,0.1905,0.9699,0.9459,0.9811,,,,,,,,,,,,,,,,,,,1,1,1,1,1,1,,H
Pamlico,,3,0.3333,0.9451,0.9248,0.974,,,,,,,,,,,,,,,,,,,1,1,1,1,1,1,,M
Pasquotank,,11,0.3636,0.9526,0.9338,0.9782,,,,,,,,,,,,,,,,,,,1,1,1,1,1,1,,H
Pender,,10,0.4,0.951,0.9322,0.9661,,,,,,,,,,,,,,,,,,,1,1,1,1,1,1,,H
Perquimans,,1,0,0.96,0.9542,0.9784,,,,,,,,,,,,,,,,,,,1,1,1,1,1,1,,H
Person,,9,0.2222,0.9762,0.9557,0.9875,,,,,,,,,,,,,,,,,,,1,1,1,1,1,1,,H
Pitt,,32,0.4062,0.9588,0.9416,0.976,,,,,,,,,,,,,,,,,,,1,1,1,1,1,1,,H
Polk,,3,0.6667,0.9068,0.8812,0.9452,,,,,,,,,,,,,,,,,,,1,1,1,1,1,1,,M
Randolph,,28,0.1786,0.9638,0.9487,0.9806,,,,,,,,,,,,,,,,,,,1,1,1,1,1,1,,H
Richmond,,9,0.1111,0.9843,0.9696,0.994,,,,,,,,,,,,,,,,,,,1,1,1,1,1,1,,H
Robeson,,23,0.3478,0.9594,0.9367,0.9712,,,,,,,,,,,,,,,,,,,1,1,1,1,1,1,,H
Rockingham,,20,0.25,0.9692,0.9482,0.9819,,,,,,,,,,,,,,,,,,,1,1,1,1,1,1,,H
Rowan,,27,0.5926,0.9327,0.9118,0.9544,,,,,,,,,,,,,,,,,,,1,1,1,1,1,1,,M
Rutherford,,14,0.2857,0.9521,0.9322,0.9745,,,,,,,,,,,,,,,,,,,1,1,1,1,1,1,,H
Sampson,,12,0.25,0.9656,0.9429,0.9735,,,,,,,,,,,,,,,,,,,1,1,1,1,1,1,,H
Scotland,,6,0.3333,0.9414,0.9229,0.9625,,,,,,,,,,,,,,,,,,,1,1,1,1,1,1,,M
Stanly,,16,0.25,0.9577,0.94,0.978,,,,,,,,,,,,,,,,,,,1,1,1,1,1,1,,H
Stokes,,11,0.0909,0.9753,0.9569,0.9896,,,,,,,,,,,,,,,,,,,1,1,1,1,1,1,,H
Surry,,18,0.2222,0.975,0.9599,0.9887,,,,,,,,,,,,,,,,,,,1,1,1,1,1,1,,H
Swain,,4,0.25,0.9614,0.939,0.9788,,,,,,,,,,,,,,,,,,,1,1,1,1,1,1,,H
Transylvania,,7,0.7143,0.931,0.8947,0.9538,,,,,,,,,,,,,,,,,,,1,1,1,1,1,1,,M
Tyrrell,,1,0,0.9601,0.9512,0.9885,,,,,,,,,,,,,,,,,,,1,1,1,1,1,1,,H
Union,,43,0.5349,0.9356,0.9142,0.9564,,,,,,,,,,,,,,,,,,,1,1,1,1,1,1,,M
Vance,,14,0.2857,0.9479,0.9312,0.9693,,,,,,,,,,,,,,,,,,,1,1,1,1,1,1,,M
Wake,,165,0.3394,0.9513,0.9341,0.9677,,,,,,,,,,,,,,,,,,,1,1,1,1,1,1,,H
Warren,,3,0,0.9776,0.9635,0.9913,,,,,,,,,,,,,,,,,,,1,1,1,1,1,1,,H
Washington,,1,0,0.9963,0.97,0.9975,,,,,,,,,,,,,,,,,,,1,1,1,1,1,1,,H
Watauga,,10,0.2,0.9452,0.9261,0.971,,,,,,,,,,,,,,,,,,,1,1,1,1,1,1,,M
Wayne,,23,0.4348,0.9632,0.9473,0.9772,,,,,,,,,,,,,,,,,,,1,1,1,1,1,1,,H
Wilkes,,15,0.1333,0.9744,0.9585,0.9887,,,,,,,,,,,,,,,,,,,1,1,1,1,1,1,,H
Wilson,,22,0.6364,0.9409,0.9276,0.9692,,,,,,,,,,,,,,,,,,,1,1,1,1,1,1,,M
Yadkin,,9,0,0.9748,0.9595,0.988,,,,,,,,,,,,,,,,,,,1,1,1,1,1,1,,H
Yancey,,4,0,0.9737,0.9502,0.9855,,,,,,,,,,,,,,,,,,,1,1,1,1,1,1,,H
